Time,Displacement,Force
(s),(mm),(N)
0,0,-0.14863
0.1,0.00696,-0.06509
0.2,0.01671,-0.08745
0.3,0.02529,-0.0835
0.4,0.03364,-0.04533
0.5,0.04179,-0.12689
0.6,0.04998,0.08172
0.7,0.05845,-0.01947
0.8,0.06696,0.10449
0.9,0.07537,-0.18053
1,0.08357,-0.06808
1.1,0.09161,0.1477
1.2,0.10002,0.06376
1.3,0.10854,0.19179
1.4,0.11695,-0.04334
1.5,0.1253,0.09174
1.6,0.13345,0.38087
1.7,0.14164,0.26422
1.8,0.15016,0.32297
1.9,0.15863,0.34486
2,0.16704,0.40798
2.1,0.17523,0.46657
2.2,0.18332,0.47073
2.3,0.19168,0.63258
2.4,0.20025,0.63763
2.5,0.20866,0.75988
2.6,0.21696,0.919
2.7,0.22505,0.92576
2.8,0.2333,1.11113
2.9,0.24182,0.90863
3,0.25029,1.11438
3.1,0.25864,1.25312
3.2,0.26689,1.22009
3.3,0.27493,1.06532
3.4,0.28339,1.41964
3.5,0.29191,1.2872
3.6,0.30037,1.53941
3.7,0.30862,1.64899
3.8,0.31671,1.46199
3.9,0.32496,1.79698
4,0.33348,1.63417
4.1,0.34195,1.83132
4.2,0.3503,1.8179
4.3,0.3585,2.05158
4.4,0.36664,1.87518
4.5,0.37505,2.26711
4.6,0.38357,2.15371
4.7,0.39198,2.30537
4.8,0.40029,2.14412
4.9,0.40837,2.43455
5,0.41668,2.59145
5.1,0.4252,2.56139
5.2,0.43366,2.64267
5.3,0.44202,2.76914
5.4,0.45021,2.62758
5.5,0.4583,2.73942
5.6,0.46677,2.87387
5.7,0.47523,3.0415
5.8,0.48364,3.04784
5.9,0.49189,3.0998
6,0.49998,3.21946
6.1,0.50834,3.32769
6.2,0.51691,3.37108
6.3,0.52532,3.29054
6.4,0.53368,3.54406
6.5,0.54177,3.63737
6.6,0.54996,3.41123
6.7,0.55843,3.42395
6.8,0.56695,3.52872
6.9,0.5753,3.92478
7,0.58361,3.73432
7.1,0.59164,4.10928
7.2,0.6,3.91927
7.3,0.60857,4.14954
7.4,0.61698,4.15732
7.5,0.62534,4.40115
7.6,0.63343,4.22078
7.7,0.64163,4.48508
7.8,0.65014,4.40142
7.9,0.65861,4.6013
8,0.66702,4.59454
8.1,0.67527,4.78945
8.2,0.6833,4.7145
8.3,0.69171,4.75328
8.4,0.70023,4.93386
8.5,0.70864,4.90303
8.6,0.71695,5.18374
8.7,0.72504,5.32314
8.8,0.73323,5.25192
8.9,0.74186,5.35793
9,0.75027,5.40477
9.1,0.75862,5.47022
9.2,0.76687,5.44989
9.3,0.77502,5.53739
9.4,0.78338,5.76706
9.5,0.79189,5.85236
9.6,0.80036,5.83427
9.7,0.80866,5.78551
9.8,0.8167,6.0044
9.9,0.82495,6.14875
10,0.83352,6.22059
10.1,0.84198,6.18971
10.2,0.85034,6.11199
10.3,0.85848,6.34207
10.4,0.86663,6.19341
10.5,0.87509,6.37889
10.6,0.88361,6.40634
10.7,0.89202,6.64846
10.8,0.90032,6.62462
10.9,0.90836,6.70023
11,0.91666,6.65797
11.1,0.92523,6.88661
11.2,0.9337,6.96131
11.3,0.942,6.98014
11.4,0.95014,7.02617
11.5,0.95829,6.95591
11.6,0.96675,7.18072
11.7,0.97521,7.03915
11.8,0.98368,7.3164
11.9,0.99193,7.2098
12,1.00002,7.23496
12.1,1.00832,7.18907
12.2,1.01689,7.19369
12.3,1.0253,7.38747
12.4,1.03371,7.44537
12.5,1.04186,7.3347
12.6,1.05,7.37512
12.7,1.05846,7.49021
12.8,1.06693,7.39843
12.9,1.07534,7.56547
13,1.08354,7.2562
13.1,1.09168,7.61625
13.2,1.09998,7.52185
13.3,1.10855,7.53284
13.4,1.11696,7.59389
13.5,1.12532,7.73149
13.6,1.13336,7.7096
13.7,1.14161,7.60205
13.8,1.15013,7.86732
13.9,1.15864,7.83213
14,1.167,7.83933
14.1,1.17525,8.09138
14.2,1.18329,8.15707
14.3,1.1917,8.155
14.4,1.20021,8.2705
14.5,1.20863,8.17563
14.6,1.21698,8.27681
14.7,1.22507,8.37872
14.8,1.23327,8.15832
14.9,1.24179,8.18256
15,1.25025,8.23202
15.1,1.25866,8.23957
15.2,1.26686,8.21383
15.3,1.275,8.07948
15.4,1.28341,8.19896
15.5,1.29193,8.16456
15.6,1.30034,8.24967
15.7,1.3087,8.40556
15.8,1.31673,8.49334
15.9,1.32498,8.38125
16,1.3335,8.32664
16.1,1.34191,8.48857
16.2,1.35032,8.58567
16.3,1.35852,8.66233
16.4,1.36661,8.73701
16.5,1.37507,8.9031
16.6,1.38359,8.8888
16.7,1.392,9.06357
16.8,1.4003,9.18026
16.9,1.40834,9.27252
17,1.4167,9.20235
17.1,1.42521,9.35201
17.2,1.43362,9.39392
17.3,1.44204,9.44914
17.4,1.45018,9.41731
17.5,1.45827,9.5181
17.6,1.46679,9.59725
17.7,1.47525,9.58382
17.8,1.48371,9.66114
17.9,1.49196,9.78813
18,1.5,9.9041
18.1,1.5083,10.04914
18.2,1.51687,10.12926
18.3,1.52534,10.04774
18.4,1.5337,10.14106
18.5,1.54179,10.40506
18.6,1.54993,10.35239
18.7,1.55845,10.53574
18.8,1.56696,10.363
18.9,1.57537,10.53619
19,1.58357,10.64442
19.1,1.59161,10.61423
19.2,1.60002,10.83935
19.3,1.60854,10.8984
19.4,1.61695,10.91793
19.5,1.62536,11.14964
19.6,1.63345,11.15544
19.7,1.64164,11.15973
19.8,1.65016,11.22513
19.9,1.65863,11.35157
20,1.66704,11.27723
20.1,1.67523,11.55827
20.2,1.68332,11.52823
20.3,1.69168,11.75577
20.4,1.7002,11.78779
20.5,1.70866,11.66766
20.6,1.71696,11.99658
20.7,1.72505,11.8911
20.8,1.7333,12.04607
20.9,1.74182,12.25499
21,1.75029,12.10188
21.1,1.7587,12.26138
21.2,1.76689,12.33798
21.3,1.77493,12.3357
21.4,1.78339,12.56689
21.5,1.79196,12.62366
21.6,1.80037,12.57983
21.7,1.80862,12.75949
21.8,1.81671,12.86814
21.9,1.82496,13.07055
22,1.83348,12.86671
22.1,1.84195,12.93372
22.2,1.8503,13.06794
22.3,1.8585,13.32693
22.4,1.86664,13.0898
22.5,1.87505,13.27304
22.6,1.88357,13.37589
22.7,1.89198,13.48877
22.8,1.90034,13.62234
22.9,1.90837,13.51608
23,1.91668,13.55244
23.1,1.92525,13.71374
23.2,1.93366,13.80143
23.3,1.94202,13.92355
23.4,1.95016,13.92505
23.5,1.9583,14.0352
23.6,1.96677,14.15945
23.7,1.97523,14.23414
23.8,1.98364,14.35447
23.9,1.99189,14.37623
24,1.99998,14.52383
24.1,2.00829,14.41448
24.2,2.01691,14.52244
24.3,2.02532,14.76712
24.4,2.03368,14.77711
24.5,2.04177,14.79851
24.6,2.04996,14.79
24.7,2.05848,15.12533
24.8,2.06695,14.91906
24.9,2.0753,15.04269
25,2.08361,15.28276
25.1,2.09164,15.17256
25.2,2.09995,15.31262
25.3,2.10857,15.40514
25.4,2.11698,15.4707
25.5,2.12534,15.65814
25.6,2.13343,15.68367
25.7,2.14162,15.65326
25.8,2.15014,15.65863
25.9,2.15861,15.8095
26,2.16702,15.78825
26.1,2.17527,16.16579
26.2,2.1833,16.21192
26.3,2.19171,16.2562
26.4,2.20023,16.15961
26.5,2.20864,16.41509
26.6,2.21695,16.35316
26.7,2.22504,16.53626
26.8,2.23329,16.41352
26.9,2.24186,16.40167
27,2.25027,16.85781
27.1,2.25863,16.84248
27.2,2.26688,16.65444
27.3,2.27496,16.91157
27.4,2.28343,17.13268
27.5,2.29189,16.93576
27.6,2.30036,17.21776
27.7,2.30866,17.31516
27.8,2.3167,17.39974
27.9,2.325,17.31852
28,2.33352,17.33272
28.1,2.34198,17.34677
28.2,2.35034,17.49457
28.3,2.35854,17.78239
28.4,2.36657,17.76008
28.5,2.37509,17.80557
28.6,2.38361,17.85082
28.7,2.39202,18.00969
28.8,2.40032,18.01974
28.9,2.40836,18.26182
29,2.41666,18.26979
29.1,2.42523,18.45511
29.2,2.4337,18.33542
29.3,2.442,18.3945
29.4,2.45014,18.58233
29.5,2.45829,18.56884
29.6,2.46675,18.7369
29.7,2.47521,18.8969
29.8,2.48368,18.93619
29.9,2.49193,18.89586
30,2.50002,18.8971
30.1,2.50832,19.07768
30.2,2.51689,18.969
30.3,2.5253,19.09548
30.4,2.53366,19.25823
30.5,2.5418,19.36485
30.6,2.54995,19.50476
30.7,2.55846,19.35113
30.8,2.56698,19.67973
30.9,2.57534,19.67136
31,2.58354,19.91771
31.1,2.59168,19.72042
31.2,2.59998,20.02134
31.3,2.60855,19.96248
31.4,2.61696,20.07603
31.5,2.62532,20.12342
31.6,2.63341,20.08627
31.7,2.64161,20.3437
31.8,2.65018,20.48783
31.9,2.65864,20.37424
32,2.66705,20.45776
32.1,2.67525,20.53832
32.2,2.68329,20.55649
32.3,2.6917,20.53746
32.4,2.70021,20.99723
32.5,2.70863,21.06985
32.6,2.71698,21.03596
32.7,2.72507,21.11798
32.8,2.73327,21.00276
32.9,2.74179,21.24133
33,2.7503,21.48489
33.1,2.75866,21.42854
33.2,2.76686,21.2966
33.3,2.775,21.51213
33.4,2.78341,21.70228
33.5,2.79193,21.67771
33.6,2.80034,21.88307
33.7,2.80864,21.81525
33.8,2.81668,21.97627
33.9,2.82498,22.22065
34,2.83355,21.96237
34.1,2.84196,21.95917
34.2,2.85032,22.29982
34.3,2.85846,22.33331
34.4,2.86661,22.35463
34.5,2.87507,22.35002
34.6,2.88359,22.70078
34.7,2.892,22.63946
34.8,2.90025,22.70973
34.9,2.90839,22.91863
35,2.9167,22.74034
35.1,2.92521,22.98314
35.2,2.93362,22.94467
35.3,2.94204,23.00617
35.4,2.95012,22.945
35.5,2.95827,23.32657
35.6,2.96679,23.33033
35.7,2.97525,23.36493
35.8,2.98366,23.60373
35.9,2.99191,23.42122
36,3,23.6091
36.1,3.0083,23.85916
36.2,3.01687,23.81114
36.3,3.02534,23.96758
36.4,3.0337,23.76322
36.5,3.04179,23.91227
36.6,3.04998,24.00914
36.7,3.05845,24.0818
36.8,3.06696,24.20014
36.9,3.07538,24.34844
37,3.08357,24.40473
37.1,3.09161,24.46533
37.2,3.10002,24.61033
37.3,3.10859,24.56147
37.4,3.117,24.73215
37.5,3.12536,24.85326
37.6,3.13345,24.96569
37.7,3.14159,25.03713
37.8,3.15016,24.90999
37.9,3.15862,25.25093
38,3.16704,25.24535
38.1,3.17523,25.32495
38.2,3.18332,25.31459
38.3,3.19168,25.41257
38.4,3.20025,25.47297
38.5,3.20866,25.59677
38.6,3.21696,25.55978
38.7,3.22505,25.91098
38.8,3.2333,25.74502
38.9,3.24182,25.94743
39,3.25029,25.83182
39.1,3.2587,26.14989
39.2,3.26689,25.97646
39.3,3.27493,26.17894
39.4,3.28339,26.23688
39.5,3.29191,26.47654
39.6,3.30037,26.37243
39.7,3.30862,26.39539
39.8,3.31671,26.55203
39.9,3.32496,26.72091
40,3.33348,26.7501
40.1,3.34195,27.16691
40.2,3.3503,27.00579
40.3,3.3585,26.98533
40.4,3.36664,27.06179
40.5,3.37505,27.03669
40.6,3.38357,27.20956
40.7,3.39204,27.32577
40.8,3.40029,27.42881
40.9,3.40838,27.4306
41,3.41668,27.52036
41.1,3.42525,27.55712
41.2,3.43366,27.56154
41.3,3.44196,27.73052
41.4,3.45021,27.98926
41.5,3.4583,28.01542
41.6,3.46677,27.98808
41.7,3.47523,28.17339
41.8,3.48364,28.18032
41.9,3.49189,28.28652
42,3.49998,28.2471
42.1,3.50834,28.5291
42.2,3.51691,28.53226
42.3,3.52532,28.46396
42.4,3.53368,28.69319
42.5,3.54177,28.80471
42.6,3.55002,28.8977
42.7,3.55848,28.90011
42.8,3.56695,28.83744
42.9,3.5753,29.09265
43,3.58361,29.04359
43.1,3.59164,29.337
43.2,3.59995,29.44129
43.3,3.60857,29.33649
43.4,3.61693,29.50182
43.5,3.62534,29.57419
43.6,3.63343,29.52427
43.7,3.64162,29.68017
43.8,3.65014,29.73451
43.9,3.65861,29.70671
44,3.66702,29.75288
44.1,3.67527,29.96622
44.2,3.6833,30.19774
44.3,3.69171,30.14388
44.4,3.70023,30.28692
44.5,3.70864,30.10636
44.6,3.717,30.61333
44.7,3.72504,30.61359
44.8,3.73329,30.81727
44.9,3.74186,30.84719
45,3.75027,30.77781
45.1,3.75862,30.86498
45.2,3.76688,30.8632
45.3,3.77502,30.84852
45.4,3.78343,31.02375
45.5,3.79189,31.07177
45.6,3.80036,31.21762
45.7,3.80866,31.32866
45.8,3.8167,31.37249
45.9,3.82495,31.30679
46,3.83352,31.64646
46.1,3.84198,31.57733
46.2,3.85034,31.84385
46.3,3.85848,31.80861
46.4,3.86657,31.89493
46.5,3.87509,31.94629
46.6,3.88355,31.84442
46.7,3.89202,31.94426
46.8,3.90032,32.13626
46.9,3.90836,32.21952
47,3.91666,32.31469
47.1,3.92523,32.57562
47.2,3.9337,32.55011
47.3,3.94205,32.38991
47.4,3.95014,32.61319
47.5,3.95829,32.62391
47.6,3.96675,32.73074
47.7,3.97521,32.80564
47.8,3.98368,32.94569
47.9,3.99193,33.03876
48,4.00002,33.11338
48.1,4.00832,33.08903
48.2,4.01689,33.13302
48.3,4.0253,33.47974
48.4,4.03366,33.47965
48.5,4.04186,33.41713
48.6,4.05,33.64985
48.7,4.05846,33.68927
48.8,4.06693,33.84994
48.9,4.07534,33.84906
49,4.08359,33.90461
49.1,4.09168,34.17566
49.2,4.09998,34.05641
49.3,4.10855,34.37886
49.4,4.11696,34.10842
49.5,4.12532,34.33366
49.6,4.13341,34.28551
49.7,4.14161,34.38288
49.8,4.15018,34.55933
49.9,4.1587,34.58207
50,4.16705,34.78418
50.1,4.1753,34.74022
50.2,4.18329,34.92879
50.3,4.1917,34.75016
50.4,4.20021,35.00054
50.5,4.20868,35.09459
50.6,4.21698,35.04567
50.7,4.22507,35.32611
50.8,4.23327,35.39268
50.9,4.24179,35.36135
51,4.2503,35.47141
51.1,4.25866,35.5419
51.2,4.26686,35.43502
51.3,4.275,35.62537
51.4,4.28341,35.64187
51.5,4.29193,35.85725
51.6,4.30034,35.80221
51.7,4.3087,36.15641
51.8,4.31673,36.01469
51.9,4.32493,36.21845
52,4.3335,36.28176
52.1,4.34196,36.34292
52.2,4.35032,36.44535
52.3,4.35852,36.47215
52.4,4.36661,36.69711
52.5,4.37507,36.43837
52.6,4.38359,36.76079
52.7,4.392,36.7275
52.8,4.4003,36.75919
52.9,4.40839,37.04757
53,4.4167,36.94245
53.1,4.42521,37.06193
53.2,4.43368,37.05106
53.3,4.44204,37.29473
53.4,4.45013,37.37432
53.5,4.45827,37.46407
53.6,4.46679,37.28255
53.7,4.47525,37.52975
53.8,4.48366,37.60138
53.9,4.49191,37.77649
54,4.5,37.8885
54.1,4.5083,38.0985
54.2,4.51687,37.85859
54.3,4.52534,38.18213
54.4,4.5337,38.25407
54.5,4.54179,38.26414
54.6,4.54993,38.15497
54.7,4.55845,38.32979
54.8,4.56696,38.29006
54.9,4.57537,38.62348
55,4.58357,38.6672
55.1,4.59161,38.63504
55.2,4.60002,38.73679
55.3,4.60854,38.84145
55.4,4.61695,38.90923
55.5,4.62536,39.21375
55.6,4.63345,38.97958
55.7,4.64164,39.12349
55.8,4.65016,39.32185
55.9,4.65863,39.43046
56,4.66704,39.42933
56.1,4.67529,39.56413
56.2,4.68332,39.59294
56.3,4.69168,39.71019
56.4,4.70025,39.83909
56.5,4.70866,39.72943
56.6,4.71702,39.89183
56.7,4.72505,39.98915
56.8,4.7333,40.06913
56.9,4.74182,39.95889
57,4.75029,40.18337
57.1,4.7587,40.45172
57.2,4.76689,40.33167
57.3,4.77493,40.39559
57.4,4.78339,40.64577
57.5,4.79196,40.50599
57.6,4.80037,40.74339
57.7,4.80868,40.73981
57.8,4.81671,40.95615
57.9,4.82496,40.84408
58,4.83348,41.07246
58.1,4.84195,41.06382
58.2,4.8503,41.15254
58.3,4.8585,41.41561
58.4,4.86664,41.26243
58.5,4.87505,41.51914
58.6,4.88357,41.35751
58.7,4.89204,41.67262
58.8,4.90034,41.7964
58.9,4.90837,41.80457
59,4.91668,41.69008
59.1,4.9252,42.08016
59.2,4.93366,42.07666
59.3,4.94196,42.16164
59.4,4.95016,42.25842
59.5,4.9583,41.96139
59.6,4.96677,42.24759
59.7,4.97523,42.31636
59.8,4.98364,42.41729
59.9,4.99189,42.60754
60,4.99993,42.75577
60.1,5.00834,42.77414
60.2,5.01691,42.79919
60.3,5.02532,42.73227
60.4,5.03368,43.05093
60.5,5.04177,42.96372
60.6,5.04996,42.94159
60.7,5.05848,43.08118
60.8,5.06695,43.31053
60.9,5.07536,43.30938
61,5.08361,43.34727
61.1,5.09164,43.39979
61.2,5.1,43.41921
61.3,5.10857,43.68828
61.4,5.11698,43.81509
61.5,5.12534,43.64291
61.6,5.13343,43.74209
61.7,5.14163,43.95583
61.8,5.15014,43.98048
61.9,5.15861,44.23122
62,5.16702,44.08965
62.1,5.17527,44.17889
62.2,5.1833,44.42939
62.3,5.19171,44.51398
62.4,5.20023,44.41243
62.5,5.20864,44.62828
62.6,5.21695,44.59528
62.7,5.22504,44.91292
62.8,5.23329,44.7699
62.9,5.24186,45.05779
63,5.25027,44.99068
63.1,5.25863,45.07297
63.2,5.26688,45.22831
63.3,5.27496,45.23645
63.4,5.28343,45.43989
63.5,5.29189,45.61682
63.6,5.30036,45.59402
63.7,5.30866,45.54712
63.8,5.3167,45.56178
63.9,5.325,45.6281
64,5.33352,45.79709
64.1,5.34198,45.87207
64.2,5.35034,45.93596
64.3,5.35848,46.15792
64.4,5.36657,46.14743
64.5,5.37509,46.09573
64.6,5.38361,46.25196
64.7,5.39196,46.37068
64.8,5.40032,46.36169
64.9,5.40836,46.46763
65,5.41666,46.64025
65.1,5.42523,46.60738
65.2,5.4337,46.74911
65.3,5.442,46.84814
65.4,5.45014,46.77187
65.5,5.45829,47.15657
65.6,5.46675,47.14239
65.7,5.47521,47.32258
65.8,5.48368,47.25122
65.9,5.49193,47.26036
66,5.50002,47.33047
66.1,5.50837,47.31073
66.2,5.51689,47.53638
66.3,5.5253,47.7103
66.4,5.53366,47.60305
66.5,5.54186,47.8236
66.6,5.54995,47.79627
66.7,5.55846,47.91653
66.8,5.56693,47.99444
66.9,5.57534,48.02541
67,5.58354,48.06376
67.1,5.59168,48.18851
67.2,5.60004,48.28628
67.3,5.60855,48.36772
67.4,5.61696,48.52331
67.5,5.62532,48.71569
67.6,5.63341,48.56483
67.7,5.64161,48.62739
67.8,5.65018,48.7498
67.9,5.65864,48.95601
68,5.667,48.71429
68.1,5.67525,49.03732
68.2,5.68329,49.18466
68.3,5.6917,49.1235
68.4,5.70021,49.32163
68.5,5.70862,49.36895
68.6,5.71698,49.50423
68.7,5.72507,49.43166
68.8,5.73327,49.67577
68.9,5.74184,49.73915
69,5.7503,49.79537
69.1,5.75866,49.85591
69.2,5.76691,49.73446
69.3,5.775,50.0776
69.4,5.78341,49.98516
69.5,5.79193,50.32599
69.6,5.80034,50.1218
69.7,5.8087,50.40818
69.8,5.81673,50.42741
69.9,5.82498,50.53538
70,5.83355,50.53981
70.1,5.84196,50.53518
70.2,5.85027,50.86271
70.3,5.85852,50.80734
70.4,5.86661,50.85747
70.5,5.87507,51.10901
70.6,5.88359,50.99411
70.7,5.892,50.97746
70.8,5.90025,51.14166
70.9,5.90839,51.34965
71,5.91664,51.34496
71.1,5.92521,51.37746
71.2,5.93362,51.49705
71.3,5.94198,51.57872
71.4,5.95012,51.68696
71.5,5.95827,51.80398
71.6,5.96673,51.65557
71.7,5.9752,51.95566
71.8,5.98366,52.05457
71.9,5.99191,52.23832
72,6,52.19132
72.1,6.0083,52.1869
72.2,6.01688,52.30962
72.3,6.02534,52.18158
72.4,6.0337,52.46478
72.5,6.04179,52.40959
72.6,6.04998,52.4302
72.7,6.05845,52.70037
72.8,6.06696,52.93142
72.9,6.07532,52.8285
73,6.08362,52.89863
73.1,6.09166,53.00051
73.2,6.10002,53.14
73.3,6.10854,53.13593
73.4,6.11695,53.10772
73.5,6.12536,53.30107
73.6,6.13345,53.2049
73.7,6.14164,53.37442
73.8,6.15016,53.66514
73.9,6.15862,53.54924
74,6.16704,53.68038
74.1,6.17523,53.80655
74.2,6.18337,53.86733
74.3,6.19168,53.79202
74.4,6.20025,53.98096
74.5,6.20866,54.06956
74.6,6.21696,54.12194
74.7,6.22505,54.11228
74.8,6.2333,54.28108
74.9,6.24182,54.46801
75,6.25029,54.48096
75.1,6.2587,54.65528
75.2,6.26689,54.52202
75.3,6.27493,54.67909
75.4,6.28339,54.86721
75.5,6.29191,54.79601
75.6,6.30037,54.92184
75.7,6.30863,54.99474
75.8,6.31671,55.08692
75.9,6.32496,55.26192
76,6.33348,55.3128
76.1,6.34195,55.32428
76.2,6.3503,55.33432
76.3,6.3585,55.6148
76.4,6.36664,55.53756
76.5,6.37505,55.62819
76.6,6.38357,55.64444
76.7,6.39198,55.7743
76.8,6.40029,55.9621
76.9,6.40837,55.819
77,6.41668,56.0081
77.1,6.4252,55.91735
77.2,6.43366,56.23755
77.3,6.44196,56.31794
77.4,6.45016,56.47754
77.5,6.4583,56.55892
77.6,6.46677,56.47669
77.7,6.47523,56.56289
77.8,6.48364,56.64491
77.9,6.49189,56.78437
78,6.49998,56.88736
78.1,6.50834,56.73983
78.2,6.51691,57.03049
78.3,6.52537,57.00922
78.4,6.53368,57.08964
78.5,6.54177,57.3054
78.6,6.55002,57.45125
78.7,6.55848,57.30157
78.8,6.56695,57.5383
78.9,6.5753,57.61789
79,6.58361,57.6395
79.1,6.59164,57.64839
79.2,6.59995,57.87252
79.3,6.60857,57.76476
79.4,6.61698,57.91544
79.5,6.62534,58.1377
79.6,6.63343,58.12309
79.7,6.64162,58.37117
79.8,6.65014,58.16213
79.9,6.65861,58.3825
80,6.66707,58.4599
80.1,6.67527,58.484
80.2,6.6833,58.44506
80.3,6.69171,58.585
80.4,6.70023,58.77245
80.5,6.70864,58.69743
80.6,6.717,58.93111
80.7,6.72504,59.0658
80.8,6.73329,58.94842
80.9,6.7418,59.012
81,6.75027,59.15631
81.1,6.75862,59.28805
81.2,6.76687,59.31857
81.3,6.77502,59.30634
81.4,6.78337,59.49306
81.5,6.79189,59.55699
81.6,6.80036,59.77623
81.7,6.80866,59.78275
81.8,6.8167,59.76136
81.9,6.825,59.7906
82,6.83352,59.8176
82.1,6.84198,59.92513
82.2,6.85034,60.07358
82.3,6.85854,60.22665
82.4,6.86657,60.30021
82.5,6.87504,60.34306
82.6,6.88355,60.51028
82.7,6.89202,60.4976
82.8,6.90032,60.58569
82.9,6.90836,60.55258
83,6.91666,60.51812
83.1,6.92523,60.73745
83.2,6.9337,60.85024
83.3,6.942,61.0122
83.4,6.95014,60.99807
83.5,6.95829,60.93469
83.6,6.96675,61.11059
83.7,6.97521,61.06551
83.8,6.98368,61.34598
83.9,6.99193,61.45769
84,7.00002,61.47781
84.1,7.00832,61.52343
84.2,7.01689,61.48036
84.3,7.0253,61.67925
84.4,7.03371,61.83085
84.5,7.0418,61.87523
84.6,7.04995,61.99322
84.7,7.05846,62.04849
84.8,7.06698,62.18692
84.9,7.07534,62.10357
85,7.08354,62.22353
85.1,7.09168,62.43545
85.2,7.09998,62.47379
85.3,7.10855,62.56546
85.4,7.11702,62.5493
85.5,7.12532,62.77574
85.6,7.13336,62.7969
85.7,7.14161,62.80809
85.8,7.15018,62.94169
85.9,7.15864,63.04438
86,7.16705,63.21048
86.1,7.17525,63.05242
86.2,7.18329,63.32605
86.3,7.1917,63.22498
86.4,7.20021,63.10855
86.5,7.20862,63.2391
86.6,7.21698,63.50176
86.7,7.22507,63.51289
86.8,7.23327,63.55478
86.9,7.24179,63.74291
87,7.2503,63.91861
87.1,7.25866,63.81185
87.2,7.26691,63.92884
87.3,7.275,64.05602
87.4,7.28341,64.13612
87.5,7.29193,64.20562
87.6,7.30034,64.33519
87.7,7.3087,64.35892
87.8,7.31673,64.36523
87.9,7.32493,64.54579
88,7.3335,64.47601
88.1,7.34196,64.57022
88.2,7.35032,64.60531
88.3,7.35846,64.60779
88.4,7.36661,64.99256
88.5,7.37507,64.92246
88.6,7.38359,64.8186
88.7,7.392,65.06947
88.8,7.4003,64.97208
88.9,7.40839,65.35015
89,7.4167,65.37481
89.1,7.42521,65.27988
89.2,7.43368,65.42564
89.3,7.44198,65.37196
89.4,7.45012,65.39137
89.5,7.45827,65.53515
89.6,7.46679,65.75456
89.7,7.47525,65.78915
89.8,7.48366,65.98018
89.9,7.49191,65.98612
90,7.5,66.00127
90.1,7.5083,65.86206
90.2,7.51687,66.15542
90.3,7.52534,66.26057
90.4,7.5337,66.40938
90.5,7.54179,66.21112
90.6,7.54998,66.55244
90.7,7.55845,66.48845
90.8,7.56696,66.48335
90.9,7.57538,66.55982
91,7.58357,66.71752
91.1,7.59161,66.65546
91.2,7.60002,66.66415
91.3,7.60854,67.00525
91.4,7.61695,66.80061
91.5,7.6253,67.07713
91.6,7.63345,67.20955
91.7,7.64164,67.19992
91.8,7.65016,67.40475
91.9,7.65862,67.39935
92,7.66698,67.26231
92.1,7.67529,67.56297
92.2,7.68337,67.7393
92.3,7.69168,67.67509
92.4,7.7002,67.8772
92.5,7.70866,67.8838
92.6,7.71696,67.88296
92.7,7.72505,67.97204
92.8,7.7333,68.05497
92.9,7.74182,68.17003
93,7.75029,68.30142
93.1,7.7587,68.41182
93.2,7.76684,68.48392
93.3,7.77493,68.49248
93.4,7.78339,68.57275
93.5,7.79196,68.62447
93.6,7.80037,68.92567
93.7,7.80862,68.79405
93.8,7.81671,68.94431
93.9,7.82497,68.96993
94,7.83348,69.01888
94.1,7.842,69.08777
94.2,7.85036,69.12935
94.3,7.8585,69.36543
94.4,7.86659,69.44316
94.5,7.87505,69.4815
94.6,7.88357,69.42923
94.7,7.89204,69.60683
94.8,7.90029,69.59561
94.9,7.90832,69.69503
95,7.91668,69.70775
95.1,7.9252,69.87756
95.2,7.93366,69.88835
95.3,7.94196,70.11355
95.4,7.95016,70.00346
95.5,7.9583,70.16042
95.6,7.96677,70.28058
95.7,7.97529,70.26261
95.8,7.9837,70.32189
95.9,7.99189,70.41855
96,7.99998,70.46646
96.1,8.00834,70.5633
96.2,8.01691,70.71523
96.3,8.02538,70.75628
96.4,8.03368,71.01727
96.5,8.04177,71.13386
96.6,8.04996,71.0293
96.7,8.05848,71.05
96.8,8.06695,71.22736
96.9,8.0753,71.26793
97,8.08361,71.37364
97.1,8.09164,71.5371
97.2,8.09995,71.4499
97.3,8.10857,71.58028
97.4,8.11693,71.59682
97.5,8.12534,71.82694
97.6,8.13343,71.82343
97.7,8.14162,71.77789
97.8,8.15014,72.06796
97.9,8.15861,72.04986
98,8.16702,71.87107
98.1,8.17527,72.19343
98.2,8.1833,72.23933
98.3,8.19171,72.37605
98.4,8.20023,72.31374
98.5,8.20864,72.45422
98.6,8.217,72.56306
98.7,8.22504,72.80658
98.8,8.23328,72.7975
98.9,8.24186,72.77077
99,8.25027,72.78487
99.1,8.25863,72.8822
99.2,8.26688,73.07413
99.3,8.27502,73.14165
99.4,8.28337,73.24921
99.5,8.29189,73.17221
99.6,8.30036,73.32671
99.7,8.30866,73.47761
99.8,8.3167,73.32224
99.9,8.325,73.5417
100,8.33352,73.60294
100.1,8.34198,73.70379
100.2,8.35034,73.68179
100.3,8.35848,73.91383
100.4,8.36657,74.07242
100.5,8.37509,73.90427
100.6,8.38361,74.2019
100.7,8.39196,74.18722
100.8,8.40032,74.14285
100.9,8.40836,74.21154
101,8.41666,74.27093
101.1,8.42523,74.42841
101.2,8.4337,74.53268
101.3,8.44205,74.57529
101.4,8.45014,74.7728
101.5,8.45829,74.57571
101.6,8.46675,74.79666
101.7,8.47521,74.82351
101.8,8.48368,74.93383
101.9,8.49193,75.05676
102,8.50002,75.0725
102.1,8.50832,75.03112
102.2,8.51689,75.16986
102.3,8.5253,75.34758
102.4,8.53366,75.36018
102.5,8.5418,75.23633
102.6,8.55,75.53284
102.7,8.55846,75.52264
102.8,8.56693,75.78042
102.9,8.57534,75.85999
103,8.58354,75.69631
103.1,8.59163,75.87393
103.2,8.59998,76.03677
103.3,8.60855,76.03518
103.4,8.61696,75.96573
103.5,8.62532,76.08528
103.6,8.63336,76.22559
103.7,8.64161,76.0681
103.8,8.65018,76.34261
103.9,8.65864,76.47967
104,8.66705,76.45485
104.1,8.67525,76.44922
104.2,8.68329,76.61175
104.3,8.6917,76.80247
104.4,8.70021,76.83176
104.5,8.70862,76.74138
104.6,8.71698,76.91394
104.7,8.72507,77.00083
104.8,8.73327,77.10935
104.9,8.74179,77.16187
105,8.75025,77.24669
105.1,8.75866,77.30154
105.2,8.76691,77.29714
105.3,8.775,77.37485
105.4,8.78341,77.57605
105.5,8.79187,77.53881
105.6,8.80034,77.72286
105.7,8.8087,77.72736
105.8,8.81673,77.84453
105.9,8.82498,77.84065
106,8.8335,78.00011
106.1,8.84196,78.00087
106.2,8.85032,78.00309
106.3,8.85852,78.08443
106.4,8.86661,78.23213
106.5,8.87507,78.4041
106.6,8.88359,78.34789
106.7,8.892,78.42916
106.8,8.9003,78.53444
106.9,8.90839,78.7359
107,8.9167,78.63782
107.1,8.92521,78.73298
107.2,8.93363,78.68235
107.3,8.94204,79.03493
107.4,8.95018,78.90774
107.5,8.95827,79.08184
107.6,8.96678,79.23727
107.7,8.9752,79.28738
107.8,8.98366,79.24939
107.9,8.99191,79.31549
108,9,79.37115
108.1,9.0083,79.3635
108.2,9.01688,79.35686
108.3,9.02534,79.6201
108.4,9.0337,79.77638
108.5,9.04179,79.69281
108.6,9.04998,79.82633
108.7,9.05845,79.90988
108.8,9.06696,79.89604
108.9,9.07532,79.8988
109,9.08357,80.08501
109.1,9.09161,80.12936
109.2,9.10002,80.15067
109.3,9.10854,80.41353
109.4,9.11695,80.32219
109.5,9.1253,80.53069
109.6,9.13345,80.50428
109.7,9.14164,80.49057
109.8,9.15011,80.62732
109.9,9.15863,80.92262
110,9.16698,80.78591
110.1,9.17523,80.92458
110.2,9.18338,80.80977
110.3,9.19168,80.97794
110.4,9.20025,81.03793
110.5,9.20866,81.09176
110.6,9.21696,81.37877
110.7,9.22505,81.25031
110.8,9.2333,81.35826
110.9,9.24182,81.36552
111,9.25023,81.35651
111.1,9.25864,81.5368
111.2,9.26689,81.5855
111.3,9.27493,81.63016
111.4,9.28339,81.66579
111.5,9.29191,81.63004
111.6,9.30037,81.87762
111.7,9.30863,82.06126
111.8,9.31671,82.108
111.9,9.32496,82.06767
112,9.33348,82.22134
112.1,9.34195,82.19334
112.2,9.3503,82.38879
112.3,9.3585,82.30035
112.4,9.36664,82.46577
112.5,9.37505,82.47903
112.6,9.38357,82.57671
112.7,9.39204,82.59544
112.8,9.40029,82.63268
112.9,9.40837,82.81796
113,9.41663,82.86783
113.1,9.4252,82.83765
113.2,9.43366,83.03917
113.3,9.44202,83.1694
113.4,9.45016,83.13592
113.5,9.45825,83.25414
113.6,9.46677,83.19115
113.7,9.47529,83.41086
113.8,9.4837,83.49528
113.9,9.49189,83.46191
114,9.49998,83.45638
114.1,9.50834,83.62641
114.2,9.51691,83.69498
114.3,9.52538,83.82702
114.4,9.53368,83.906
114.5,9.54177,83.84007
114.6,9.55002,83.95497
114.7,9.55848,84.06498
114.8,9.56695,84.17708
114.9,9.57536,84.18857
115,9.58361,84.07445
115.1,9.59164,84.25334
115.2,9.6,84.13596
115.3,9.60857,84.59161
115.4,9.61698,84.50322
115.5,9.62534,84.58476
115.6,9.63348,84.72786
115.7,9.64163,84.78951
115.8,9.65014,84.80442
115.9,9.65866,84.79896
116,9.66707,84.9931
116.1,9.67527,84.90165
116.2,9.6833,84.82134
116.3,9.69171,84.98344
116.4,9.70023,85.28033
116.5,9.70864,85.19039
116.6,9.71695,85.43552
116.7,9.72504,85.43427
116.8,9.73323,85.57074
116.9,9.74186,85.50397
117,9.75027,85.53026
117.1,9.75863,85.47527
117.2,9.76688,85.67404
117.3,9.77496,85.77675
117.4,9.78337,85.9416
117.5,9.79189,85.84583
117.6,9.80036,86.03467
117.7,9.80866,86.23246
117.8,9.8167,85.97806
117.9,9.825,86.10914
118,9.83352,86.21969
118.1,9.84198,86.35794
118.2,9.85034,86.47388
118.3,9.85854,86.35163
118.4,9.86657,86.53382
118.5,9.87509,86.69141
118.6,9.88361,86.76934
118.7,9.89196,86.68279
118.8,9.90032,86.94941
118.9,9.90836,86.75944
119,9.91666,86.97658
119.1,9.92523,86.9906
119.2,9.9337,87.09949
119.3,9.94205,86.94703
119.4,9.95009,87.22588
119.5,9.95829,87.2478
119.6,9.96675,87.31377
119.7,9.97521,87.26852
119.8,9.98368,87.47408
119.9,9.99193,87.54609
120,10.00002,87.59019
120.1,10.00838,87.66891
120.2,10.01689,87.55164
120.3,10.0253,87.79105
120.4,10.03371,87.75063
120.5,10.0418,87.90608
120.6,10.04995,87.98096
120.7,10.05846,88.0362
120.8,10.06693,88.16425
120.9,10.07534,88.15697
121,10.08354,88.25704
121.1,10.09168,88.22179
121.2,10.10004,88.43158
121.3,10.10855,88.30203
121.4,10.11702,88.32315
121.5,10.12532,88.66911
121.6,10.13336,88.62273
121.7,10.14161,88.62328
121.8,10.15018,88.91697
121.9,10.15864,88.81532
122,10.16705,88.91045
122.1,10.17525,89.04172
122.2,10.18329,88.87218
122.3,10.1917,88.95609
122.4,10.20022,89.06664
122.5,10.20868,89.13642
122.6,10.21698,89.36465
122.7,10.22507,89.32558
122.8,10.23327,89.27714
122.9,10.24179,89.36167
123,10.2503,89.40822
123.1,10.25866,89.7345
123.2,10.26686,89.60922
123.3,10.275,89.49475
123.4,10.28341,89.75769
123.5,10.29193,89.81469
123.6,10.30034,89.92602
123.7,10.3087,89.9324
123.8,10.31673,89.8757
123.9,10.32498,89.92436
124,10.33355,89.80183
124.1,10.34196,90.24239
124.2,10.35027,90.17248
124.3,10.35846,90.15034
124.4,10.36661,90.18052
124.5,10.37507,90.29504
124.6,10.38359,90.36466
124.7,10.392,90.60551
124.8,10.40025,90.57209
124.9,10.40839,90.56356
125,10.4167,90.61838
125.1,10.42521,90.71367
125.2,10.43363,90.76636
125.3,10.44198,90.85332
125.4,10.45018,90.88845
125.5,10.45827,90.89664
125.6,10.46679,90.9847
125.7,10.47525,91.05837
125.8,10.48366,91.22838
125.9,10.49191,91.26994
126,10.5,91.48839
126.1,10.5083,91.33886
126.2,10.51693,91.37498
126.3,10.52529,91.54797
126.4,10.5337,91.48438
126.5,10.54179,91.47231
126.6,10.54998,91.58676
126.7,10.55845,91.68774
126.8,10.56697,91.73723
126.9,10.57532,91.7329
127,10.58357,91.8488
127.1,10.59161,91.90431
127.2,10.60002,91.79688
127.3,10.60854,92.07597
127.4,10.61695,92.144
127.5,10.6253,92.317
127.6,10.63345,92.43205
127.7,10.64164,92.34924
127.8,10.65016,92.31139
127.9,10.65862,92.28194
128,10.66698,92.49634
128.1,10.67523,92.7728
128.2,10.68338,92.65142
128.3,10.69168,92.39462
128.4,10.70025,92.73994
128.5,10.70866,92.75991
128.6,10.71696,92.84136
128.7,10.72505,92.75027
128.8,10.7333,92.99503
128.9,10.74182,93.01334
129,10.75029,92.9435
129.1,10.75864,93.16006
129.2,10.76689,93.27985
129.3,10.77498,93.18101
129.4,10.78339,93.46719
129.5,10.79196,93.4547
129.6,10.80037,93.4437
129.7,10.80862,93.59793
129.8,10.81671,93.62006
129.9,10.82497,93.66313
130,10.83348,93.60293
130.1,10.84195,93.84531
130.2,10.8503,93.82532
130.3,10.8585,94.04871
130.4,10.86664,94.06246
130.5,10.87505,93.91926
130.6,10.88357,93.99876
130.7,10.89204,94.17937
130.8,10.90028,94.2719
130.9,10.90837,94.18449
131,10.91668,94.17543
131.1,10.9252,94.36021
131.2,10.93366,94.47168
131.3,10.94196,94.67666
131.4,10.95016,94.71451
131.5,10.9583,94.65607
131.6,10.96677,94.64086
131.7,10.97528,94.76474
131.8,10.98364,94.81419
131.9,10.99189,94.86195
132,10.99998,94.91209
132.1,11.00834,94.86999
132.2,11.01691,94.97726
132.3,11.02537,95.06309
132.4,11.03368,95.33775
132.5,11.04177,95.07208
132.6,11.05002,95.27171
132.7,11.05843,95.26669
132.8,11.06695,95.51423
132.9,11.0753,95.56631
133,11.08361,95.58816
133.1,11.09164,95.44743
133.2,11.1,95.60752
133.3,11.10852,95.68201
133.4,11.11693,95.72044
133.5,11.12534,95.65164
133.6,11.13343,96.07304
133.7,11.14163,95.95307
133.8,11.15009,96.10635
133.9,11.15861,96.0701
134,11.16702,96.18306
134.1,11.17527,96.35725
134.2,11.1833,96.34303
134.3,11.19171,96.20615
134.4,11.20023,96.36601
134.5,11.20864,96.56741
134.6,11.217,96.59823
134.7,11.22504,96.64854
134.8,11.23329,96.69935
134.9,11.24186,96.71996
135,11.25027,96.78619
135.1,11.25868,96.89635
135.2,11.26688,96.74443
135.3,11.27502,96.98025
135.4,11.28338,97.12743
135.5,11.29189,96.93199
135.6,11.30036,97.11947
135.7,11.30866,97.34084
135.8,11.3167,97.25716
135.9,11.325,97.30995
136,11.33352,97.43665
136.1,11.34193,97.38261
136.2,11.35034,97.45959
136.3,11.35854,97.8192
136.4,11.36657,97.64179
136.5,11.37504,97.63299
136.6,11.38355,97.88225
136.7,11.39202,97.76581
136.8,11.40032,97.99016
136.9,11.40836,97.92426
137,11.41666,98.08498
137.1,11.42518,98.11758
137.2,11.4337,97.9862
137.3,11.44205,98.28941
137.4,11.45014,98.23452
137.5,11.45829,98.45818
137.6,11.46675,98.27028
137.7,11.47521,98.576
137.8,11.48368,98.76487
137.9,11.49193,98.85848
138,11.50002,98.69342
138.1,11.50832,98.75079
138.2,11.51689,98.98104
138.3,11.5253,98.84538
138.4,11.53371,99.06506
138.5,11.5418,98.97988
138.6,11.54995,99.16702
138.7,11.55847,99.06556
138.8,11.56693,99.27943
138.9,11.57534,99.28861
139,11.58354,99.39047
139.1,11.59168,99.4668
139.2,11.60004,99.51501
139.3,11.60855,99.42166
139.4,11.61696,99.65633
139.5,11.62532,99.79836
139.6,11.63341,99.65565
139.7,11.64161,99.7753
139.8,11.65018,99.90308
139.9,11.65864,99.83459
140,11.66705,100.10429
140.1,11.67525,100.09633
140.2,11.68328,99.89108
140.3,11.6917,100.18899
140.4,11.70027,100.32897
140.5,11.70868,100.44067
140.6,11.71698,100.44998
140.7,11.72507,100.55572
140.8,11.73327,100.4674
140.9,11.74179,100.49066
141,11.7503,100.6764
141.1,11.75866,100.71996
141.2,11.76691,100.85516
141.3,11.775,100.93668
141.4,11.78341,100.89394
141.5,11.79187,100.95531
141.6,11.80034,101.13854
141.7,11.8087,101.03726
141.8,11.81673,101.20856
141.9,11.82493,101.29015
142,11.8335,101.51499
142.1,11.84196,101.48541
142.2,11.85032,101.5597
142.3,11.85846,101.53293
142.4,11.86661,101.58552
142.5,11.87507,101.7094
142.6,11.88359,101.79041
142.7,11.892,101.90073
142.8,11.9003,101.87084
142.9,11.90839,101.94061
143,11.9167,101.92455
143.1,11.92521,101.90584
143.2,11.93368,102.19316
143.3,11.94203,102.21883
143.4,11.95018,102.20802
143.5,11.95827,102.25474
143.6,11.96673,102.29431
143.7,11.97525,102.45119
143.8,11.98366,102.49222
143.9,11.99196,102.5784
144,12,102.65645
144.1,12.0083,102.67324
144.2,12.01687,102.69033
144.3,12.02534,102.75906
144.4,12.0337,102.84021
144.5,12.04179,102.93571
144.6,12.04993,102.94704
144.7,12.05845,103.09543
144.8,12.06696,103.10527
144.9,12.07537,103.16621
145,12.08357,103.36209
145.1,12.09161,103.13593
145.2,12.10002,103.07138
145.3,12.10854,103.41652
145.4,12.11695,103.41031
145.5,12.12536,103.51949
145.6,12.13345,103.52847
145.7,12.14164,103.49706
145.8,12.15016,103.82253
145.9,12.15862,103.88379
146,12.16704,103.69382
146.1,12.17528,103.98584
146.2,12.18337,103.87969
146.3,12.19168,103.99691
146.4,12.20025,103.89801
146.5,12.20866,104.18651
146.6,12.21696,104.05073
146.7,12.225,104.13752
146.8,12.2333,104.28708
146.9,12.24182,104.05223
147,12.25029,104.54875
147.1,12.2587,104.47666
147.2,12.26684,104.42837
147.3,12.27493,104.48827
147.4,12.28339,104.73357
147.5,12.29196,104.71332
147.6,12.30037,104.79707
147.7,12.30862,104.71172
147.8,12.31671,104.82916
147.9,12.32496,104.75799
148,12.33348,104.8287
148.1,12.34195,104.91252
148.2,12.3503,105.24943
148.3,12.3585,105.17474
148.4,12.36664,105.03336
148.5,12.37505,105.26611
148.6,12.38357,105.32515
148.7,12.39198,105.43289
148.8,12.40034,105.34274
148.9,12.40837,105.70846
149,12.41668,105.42196
149.1,12.4252,105.68345
149.2,12.43366,105.71372
149.3,12.44202,105.81043
149.4,12.45021,105.97402
149.5,12.4583,105.80001
149.6,12.46677,105.99811
149.7,12.47523,105.99645
149.8,12.4837,106.24313
149.9,12.49189,106.29416
150,12.49998,106.16423
150.1,12.50834,106.1902
149.1,12.4252,105.68345
149.2,12.43366,105.71372
149.3,12.44202,105.81043
149.4,12.45021,105.97402
149.5,12.4583,105.80001
149.6,12.46677,105.99811
149.7,12.47523,105.99645
149.8,12.4837,106.24313
149.9,12.49189,106.29416
150,12.49998,106.16423
150.1,12.50834,106.1902